{"_runtime":31.650581515,"_step":19,"train_loss":0.6427424417601691,"val_loss":0.6925970017910004,"_timestamp":1.7296897133855865e+09,"_wandb":{"runtime":31}}