{"_timestamp":1.729678059854968e+09,"_runtime":45.776793465,"_step":19,"_wandb":{"runtime":45},"train_loss":0.6860354542732239,"val_loss":0.6262695108141217}