{"_runtime":41.918829126,"_step":19,"_wandb":{"runtime":41},"train_loss":0.2976926912864049,"val_loss":0.2907613068819046,"_timestamp":1.7296026802021961e+09}