{"_step":19,"train_loss":0.7146250775882176,"_wandb":{"runtime":45},"val_loss":0.6163575989859444,"_timestamp":1.72968441562401e+09,"_runtime":45.580785152}