{"val_loss":0.693147212266922,"_timestamp":1.7296062118037236e+09,"_runtime":40.387250058,"_step":19,"_wandb":{"runtime":40},"train_loss":0.6931471824645996}