{"_step":19,"_wandb":{"runtime":18},"train_loss":0.19976718723773956,"val_loss":0.2075773456266948,"_timestamp":1.7296882217799606e+09,"_runtime":18.323011056}