{"_wandb":{"runtime":35},"train_loss":0.2197953098350101,"val_loss":0.18567022681236267,"_timestamp":1.7296036356299472e+09,"_runtime":35.430683576,"_step":19}