{"val_loss":0.045115649700164795,"_timestamp":1.7297019033636594e+09,"_runtime":7.369799993,"_step":19,"_wandb":{"runtime":7},"train_loss":0.04762644916772842}