{"_timestamp":1.7296066962636585e+09,"_runtime":7.652866268,"_step":19,"_wandb":{"runtime":7},"train_loss":0.4138291835784912,"val_loss":0.41012638807296753}