{"_step":79,"val_loss":0.40882763266563416,"_wandb":{"runtime":43},"train_loss":0.41523587703704834,"_timestamp":1.729450855507046e+09,"_runtime":42.387860382}