{"val_loss":0.6417242288589478,"_timestamp":1.7296831390155733e+09,"_wandb":{"runtime":46},"_runtime":46.40404355,"_step":19,"train_loss":0.6711599315915789}