{"_timestamp":1.7296211678849277e+09,"_runtime":36.844587416,"_wandb":{"runtime":36},"_step":19,"train_loss":0.1793919735484653,"val_loss":0.16270853579044342}