{"_timestamp":1.729604559249319e+09,"_runtime":35.639659248,"_step":19,"train_loss":0.1848742663860321,"_wandb":{"runtime":35},"val_loss":0.18042974174022675}