{"val_loss":0.19250936806201935,"_timestamp":1.7296061556102877e+09,"_runtime":35.789779181,"_step":19,"_wandb":{"runtime":35},"train_loss":0.22638937996493447}