{"train_loss":0.17279050168063906,"val_loss":0.16670464724302292,"_wandb":{"runtime":35},"_timestamp":1.7295947095172749e+09,"_runtime":35.15954391,"_step":19}