{"val_loss":0.40582820773124695,"_timestamp":1.7296047997738717e+09,"_runtime":9.153955478,"_step":19,"_wandb":{"runtime":9},"train_loss":0.4122889518737793}