{"val_loss":0.6931471824645996,"_timestamp":1.7296062237827654e+09,"_runtime":8.735291185,"_wandb":{"runtime":8},"_step":19,"train_loss":0.6931471824645996}