{"_wandb":{"runtime":7},"train_loss":0.4141270875930786,"val_loss":0.40679001808166504,"_timestamp":1.7295124247185133e+09,"_runtime":7.923612534,"_step":19}