{"_runtime":7.828569153,"_step":19,"_wandb":{"runtime":7},"train_loss":0.049495181441307066,"val_loss":0.04435591772198677,"_timestamp":1.729701405783374e+09}