{"train_loss":0.22232024371623993,"val_loss":0.19326768815517426,"_timestamp":1.7296039954307523e+09,"_runtime":35.791309788,"_step":19,"_wandb":{"runtime":35}}