{"train_loss":0.6951221483094352,"val_loss":0.6429176500865391,"_timestamp":1.72968459430686e+09,"_wandb":{"runtime":44},"_runtime":44.86902139,"_step":19}