{"val_loss":0.41211462020874023,"_timestamp":1.729451982896817e+09,"_runtime":7.406468227,"_step":19,"train_loss":0.41488760709762573,"_wandb":{"runtime":7}}