{"train_loss":0.6917524678366525,"val_loss":0.6773806469781058,"_timestamp":1.7296841760648575e+09,"_runtime":46.359663892,"_step":19,"_wandb":{"runtime":46}}