{"_wandb":{"runtime":7},"val_loss":0.4066852927207947,"_timestamp":1.729602883185419e+09,"_runtime":7.705305312,"_step":19,"train_loss":0.41288740038871763}