{"_runtime":3.089428234,"_step":0,"train_loss":0.6865246627065871,"val_loss":0.6344395279884338,"_wandb":{"runtime":4},"_timestamp":1.7296218328498256e+09}