{"train_loss":0.4102947473526001,"val_loss":0.40501853823661804,"_timestamp":1.7296068195586145e+09,"_runtime":7.768700097,"_wandb":{"runtime":7},"_step":19}