{"_runtime":47.837333609,"_step":19,"_wandb":{"runtime":47},"train_loss":0.6559292333466666,"val_loss":0.583135690007891,"_timestamp":1.7296834127726407e+09}