{"_step":19,"train_loss":0.33597714371151394,"val_loss":0.4543336033821106,"_wandb":{"runtime":42},"_timestamp":1.7296025370675077e+09,"_runtime":42.947873876}