{"_timestamp":1.729594720350215e+09,"_runtime":7.468349771,"_step":19,"_wandb":{"runtime":7},"train_loss":0.41153137683868407,"val_loss":0.4042331576347351}