{"_timestamp":1.7296033119253814e+09,"_runtime":7.6326616739999995,"_step":19,"_wandb":{"runtime":7},"train_loss":0.4094375431537628,"val_loss":0.4027037024497986}