{"val_loss":0.4063187539577484,"_timestamp":1.7296211793668199e+09,"_runtime":7.900576973,"_step":19,"train_loss":0.41176780462265017,"_wandb":{"runtime":7}}