{"train_loss":0.9455262422561646,"val_loss":0.5506394803524017,"_timestamp":1.7296207142208617e+09,"_runtime":20.111907859,"_step":9,"_wandb":{"runtime":20}}