{"_step":19,"_wandb":{"runtime":42},"train_loss":0.34722210632430184,"val_loss":0.300668366253376,"_timestamp":1.729604787232097e+09,"_runtime":42.244575227}