{"train_loss":0.26737232506275177,"val_loss":0.24642181396484375,"_timestamp":1.7295952555712404e+09,"_runtime":36.109365381,"_step":19,"_wandb":{"runtime":36}}