{"_timestamp":1.7294510788118606e+09,"_runtime":7.469073281,"_step":39,"val_loss":0.40261420607566833,"_wandb":{"runtime":7},"train_loss":0.41885650157928467}