{"_step":19,"train_loss":0.6679418512753078,"_wandb":{"runtime":48},"val_loss":0.5806976131030491,"_timestamp":1.729684842242502e+09,"_runtime":48.865467604}