{"val_loss":0.0478241965174675,"_wandb":{"runtime":7},"_timestamp":1.7297016017143207e+09,"_runtime":7.377881324,"_step":19,"train_loss":0.056718486547470096}