{"train_loss":0.1915589761402872,"_wandb":{"runtime":36},"val_loss":0.19235030561685562,"_timestamp":1.7296028723278303e+09,"_runtime":36.318841052,"_step":19}