{"_wandb":{"runtime":34},"_runtime":34.950715391,"_step":19,"train_loss":0.23288480606344011,"val_loss":0.20512187480926514,"_timestamp":1.7295945195061376e+09}