{"_step":39,"val_loss":0.2955380380153656,"_wandb":{"runtime":34},"train_loss":0.17968130111694336,"_timestamp":1.729451068228938e+09,"_runtime":34.760532906}