{"_timestamp":1.7296042022966764e+09,"_runtime":7.785248717,"_step":19,"_wandb":{"runtime":7},"train_loss":0.414979088306427,"val_loss":0.404958575963974}