{"_wandb":{"runtime":35},"train_loss":0.23919734689924452,"val_loss":0.22453319281339645,"_timestamp":1.7296068084860346e+09,"_runtime":35.432895618,"_step":19}