{"val_loss":0.20328854769468307,"_wandb":{"runtime":35},"_timestamp":1.7296066850531638e+09,"_runtime":35.743125598,"_step":19,"train_loss":0.20488430062929788}