{"_step":19,"_wandb":{"runtime":40},"train_loss":0.3712677127785153,"val_loss":0.3443187028169632,"_timestamp":1.7297020751612897e+09,"_runtime":40.950128991}