{"_runtime":8.580727644,"_step":19,"train_loss":0.4106041848659515,"val_loss":0.4040101170539856,"_wandb":{"runtime":8},"_timestamp":1.7296029382335114e+09}