{"_step":19,"train_loss":0.16074617869324154,"val_loss":0.3165079355239868,"_timestamp":1.7296909768711152e+09,"_runtime":49.288555341,"_wandb":{"runtime":49}}