{"_step":19,"_wandb":{"runtime":35},"train_loss":0.24775616990195382,"val_loss":0.31778156012296677,"_timestamp":1.7296022745992155e+09,"_runtime":35.577756433}