{"val_loss":0.20843162387609482,"_timestamp":1.7296033011510992e+09,"_runtime":35.727809573,"_step":19,"_wandb":{"runtime":35},"train_loss":0.21284264657232496}