{"_runtime":7.545479331,"_step":19,"train_loss":0.4148079097270966,"val_loss":0.4099749028682709,"_timestamp":1.7295944620565007e+09,"_wandb":{"runtime":7}}