{"_wandb":{"runtime":35},"_timestamp":1.7294519709145477e+09,"_runtime":35.011803828,"_step":19,"train_loss":0.23892148501343197,"val_loss":0.3127300292253494}