{"_runtime":7.7402627630000005,"_step":19,"_wandb":{"runtime":7},"train_loss":0.4124600291252136,"val_loss":0.4047144055366516,"_timestamp":1.72960364673353e+09}