{"_wandb":{"runtime":36},"train_loss":0.20470398002200657,"val_loss":0.18203169852495193,"_timestamp":1.7297020220707903e+09,"_runtime":36.36793914,"_step":19}