{"train_loss":0.21937677926487392,"val_loss":0.19442923367023468,"_timestamp":1.7295124111726556e+09,"_wandb":{"runtime":41},"_runtime":41.554689743,"_step":19}