{"_step":19,"_wandb":{"runtime":35},"train_loss":0.21632376809914908,"val_loss":0.22080278396606445,"_timestamp":1.7296034916559966e+09,"_runtime":35.410852962}