{"val_loss":0.41383665800094604,"_timestamp":1.7295952668391666e+09,"_runtime":7.839688475,"_step":19,"train_loss":0.41623435616493226,"_wandb":{"runtime":7}}