{"_runtime":8.14442537,"_wandb":{"runtime":8},"_step":19,"train_loss":0.4125108182430267,"val_loss":0.4060271680355072,"_timestamp":1.7296044271099951e+09}