{"_timestamp":1.7296041911915274e+09,"_wandb":{"runtime":36},"_runtime":36.047020072,"_step":19,"train_loss":0.18597648706701067,"val_loss":0.19449381530284882}