{"train_loss":0.26630522973007625,"val_loss":0.24713584780693054,"_wandb":{"runtime":35},"_timestamp":1.729594449632455e+09,"_runtime":35.861352577,"_step":19}