{"_runtime":7.688300183,"_step":19,"_wandb":{"runtime":7},"train_loss":0.4140629589557648,"val_loss":0.40427738428115845,"_timestamp":1.7296022856169326e+09}