{"val_loss":0.18471379578113556,"_timestamp":1.7296044158576238e+09,"_runtime":35.551140852,"_step":19,"_wandb":{"runtime":35},"train_loss":0.1963045514292187}