{"_timestamp":1.7296871224217112e+09,"_runtime":18.9068376,"_step":19,"_wandb":{"runtime":18},"train_loss":0.2444770336151123,"val_loss":0.2654468523604529}