{"_step":19,"_wandb":{"runtime":6},"train_loss":0.0476656623184681,"val_loss":0.04447925090789795,"_timestamp":1.7297020853709383e+09,"_runtime":6.626822552}