{"_wandb":{"runtime":7},"train_loss":0.4158334195613861,"val_loss":0.4098163843154907,"_timestamp":1.7296045702584543e+09,"_runtime":7.824133039,"_step":19}