{"_step":19,"_wandb":{"runtime":7},"train_loss":0.4142212629318237,"val_loss":0.40461620688438416,"_timestamp":1.7296035030641825e+09,"_runtime":7.640015951}