{"_runtime":9.515059153,"_step":19,"train_loss":0.40374783277511594,"_wandb":{"runtime":9},"val_loss":0.39104312658309937,"_timestamp":1.7296025499637845e+09}