{"_step":19,"train_loss":0.2027019245756997,"_wandb":{"runtime":38},"val_loss":0.2035495564341545,"_timestamp":1.729602478896959e+09,"_runtime":38.039610135}