{"_step":19,"_wandb":{"runtime":38},"train_loss":0.28557446433438194,"val_loss":0.34742094576358795,"_timestamp":1.7296026230756395e+09,"_runtime":38.160850931}