{"_wandb":{"runtime":39},"val_loss":0.3418889492750168,"_timestamp":1.7296029264376616e+09,"_runtime":39.99282365,"_step":19,"train_loss":0.36691970626513165}