{"train_loss":0.3896155868257795,"val_loss":0.7089964491980416,"_timestamp":1.7296849619770427e+09,"_runtime":49.472745368,"_step":19,"_wandb":{"runtime":49}}