{"_timestamp":1.7296209041283827e+09,"_runtime":34.766965066,"_step":19,"_wandb":{"runtime":34},"train_loss":0.24092499249511296,"val_loss":0.21561402082443237}