{"val_loss":0.2165166512131691,"_timestamp":1.7296047298668222e+09,"_wandb":{"runtime":38},"_runtime":38.319285787,"_step":19,"train_loss":0.23556326495276558}