{"train_loss":0.41305001974105837,"val_loss":0.40897366404533386,"_wandb":{"runtime":7},"_timestamp":1.7296040062317955e+09,"_runtime":7.603444812,"_step":19}