{"train_loss":0.414089047908783,"val_loss":0.4092748165130615,"_timestamp":1.7296024905489504e+09,"_wandb":{"runtime":8},"_runtime":8.071308689,"_step":19}