{"_step":19,"_wandb":{"runtime":6},"train_loss":0.41515967845916746,"val_loss":0.40868496894836426,"_timestamp":1.729702031377285e+09,"_runtime":6.248724872}