{"_runtime":7.759437569,"_step":19,"train_loss":0.41564071774482725,"val_loss":0.40973731875419617,"_timestamp":1.729606167994293e+09,"_wandb":{"runtime":7}}