{"train_loss":0.40880273580551146,"_wandb":{"runtime":7},"val_loss":0.40439629554748535,"_timestamp":1.7297016458007486e+09,"_runtime":7.419513761,"_step":19}