{"val_loss":0.4099852442741394,"_timestamp":1.7296047414049187e+09,"_runtime":8.139820827,"_wandb":{"runtime":8},"_step":19,"train_loss":0.4135862708091736}