{"_wandb":{"runtime":44},"train_loss":0.40736621618270874,"_timestamp":1.7294505045998921e+09,"_runtime":43.604381948,"_step":79,"val_loss":0.4076012372970581}