{"_step":19,"train_loss":0.41084578207560946,"val_loss":0.41086658409663607,"_timestamp":1.72968697021477e+09,"_runtime":17.792642067,"_wandb":{"runtime":17}}