{"_runtime":7.544035637,"_step":19,"train_loss":0.41256716251373293,"_wandb":{"runtime":7},"val_loss":0.4061189293861389,"_timestamp":1.7296209164302897e+09}