{"val_loss":0.4049624800682068,"_timestamp":1.729594530661334e+09,"_runtime":8.011161851,"_step":19,"train_loss":0.4124604046344757,"_wandb":{"runtime":8}}