{"_wandb":{"runtime":8},"train_loss":0.4140279471874237,"val_loss":0.40289294719696045,"_timestamp":1.7296026347191958e+09,"_runtime":8.102110485,"_step":19}